{
  "num_simulations": 500,
  "num_trades": 68,
  "initial_capital": 10000,
  "statistics": {
    "max_drawdowns": {
      "mean": -9.939568992378314,
      "std": 2.5459848808348675,
      "min": -17.824475203647836,
      "max": -5.058896471755717,
      "percentiles": {
        "p5": -14.966076281918149,
        "p25": -11.561462706011856,
        "p50": -9.631533508858174,
        "p75": -8.047586195796185,
        "p95": -6.308716855471732
      }
    },
    "avg_drawdowns": {
      "mean": -4.166144266066954,
      "std": 1.3287440165555782,
      "min": -9.815491714738748,
      "max": -1.837065208017852,
      "percentiles": {
        "p5": -6.934816543396616,
        "p25": -4.791255578273885,
        "p50": -3.9220858262137615,
        "p75": -3.1853280490782794,
        "p95": -2.5242245023110175
      }
    },
    "max_dd_durations": {
      "mean": 35.566,
      "std": 12.346726043773709,
      "min": 12.0,
      "max": 66.0,
      "percentiles": {
        "p5": 18.0,
        "p25": 26.0,
        "p50": 33.0,
        "p75": 45.0,
        "p95": 58.049999999999955
      }
    },
    "final_returns": {
      "mean": 6.639023877707152,
      "std": 4.2298185930855886e-14,
      "min": 6.639023877707029,
      "max": 6.639023877707273,
      "percentiles": {
        "p5": 6.639023877707095,
        "p25": 6.63902387770714,
        "p50": 6.63902387770714,
        "p75": 6.639023877707184,
        "p95": 6.639023877707229
      }
    },
    "final_equities": {
      "mean": 10663.902387770717,
      "std": 4.497724876045315e-12,
      "min": 10663.902387770702,
      "max": 10663.902387770728,
      "percentiles": {
        "p5": 10663.90238777071,
        "p25": 10663.902387770713,
        "p50": 10663.902387770715,
        "p75": 10663.902387770719,
        "p95": 10663.902387770722
      }
    },
    "sharpe_ratios": {
      "mean": 1.0743844459571275,
      "std": 2.7483346170892633e-16,
      "min": 1.0743844459571268,
      "max": 1.0743844459571283,
      "percentiles": {
        "p5": 1.0743844459571272,
        "p25": 1.0743844459571275,
        "p50": 1.0743844459571275,
        "p75": 1.0743844459571277,
        "p95": 1.0743844459571281
      }
    },
    "sortino_ratios": {
      "mean": 2.470617848825979,
      "std": 7.5416756272353e-16,
      "min": 2.470617848825978,
      "max": 2.4706178488259813,
      "percentiles": {
        "p5": 2.4706178488259782,
        "p25": 2.4706178488259787,
        "p50": 2.470617848825979,
        "p75": 2.47061784882598,
        "p95": 2.4706178488259805
      }
    },
    "win_rates": {
      "mean": 33.8235294117647,
      "std": 7.105427357601002e-15,
      "min": 33.82352941176471,
      "max": 33.82352941176471,
      "percentiles": {
        "p5": 33.82352941176471,
        "p25": 33.82352941176471,
        "p50": 33.82352941176471,
        "p75": 33.82352941176471,
        "p95": 33.82352941176471
      }
    }
  },
  "timestamp": "2025-09-08T17:39:23.378027"
}