{
  "num_simulations": 200,
  "num_trades": 68,
  "initial_capital": 10000,
  "statistics": {
    "max_drawdowns": {
      "mean": -10.224386602537445,
      "std": 2.6464180701265607,
      "min": -19.95396261287755,
      "max": -4.95601128020852,
      "percentiles": {
        "p5": -14.780231921692192,
        "p25": -11.940872457343271,
        "p50": -10.082238283212762,
        "p75": -8.159306789238197,
        "p95": -6.741521789657541
      }
    },
    "avg_drawdowns": {
      "mean": -4.343505889634339,
      "std": 1.5023148296685456,
      "min": -11.39940785975398,
      "max": -2.0816809827971996,
      "percentiles": {
        "p5": -7.068301528091235,
        "p25": -4.982332553056048,
        "p50": -3.9534194851657745,
        "p75": -3.2913468327462736,
        "p95": -2.601273664779814
      }
    },
    "max_dd_durations": {
      "mean": 36.785,
      "std": 12.586054782973099,
      "min": 12.0,
      "max": 66.0,
      "percentiles": {
        "p5": 20.0,
        "p25": 27.0,
        "p50": 35.0,
        "p75": 45.0,
        "p95": 60.0
      }
    },
    "final_returns": {
      "mean": 6.639023877707157,
      "std": 5.233568257451608e-14,
      "min": 6.639023877706984,
      "max": 6.639023877707273,
      "percentiles": {
        "p5": 6.639023877707072,
        "p25": 6.639023877707134,
        "p50": 6.63902387770714,
        "p75": 6.6390238777071895,
        "p95": 6.639023877707251
      }
    },
    "final_equities": {
      "mean": 10663.902387770717,
      "std": 5.306338478772822e-12,
      "min": 10663.902387770699,
      "max": 10663.902387770728,
      "percentiles": {
        "p5": 10663.902387770708,
        "p25": 10663.902387770713,
        "p50": 10663.902387770715,
        "p75": 10663.902387770719,
        "p95": 10663.902387770724
      }
    },
    "sharpe_ratios": {
      "mean": 1.0743844459571275,
      "std": 2.847889776975845e-16,
      "min": 1.074384445957127,
      "max": 1.0743844459571283,
      "percentiles": {
        "p5": 1.0743844459571272,
        "p25": 1.0743844459571275,
        "p50": 1.0743844459571277,
        "p75": 1.0743844459571277,
        "p95": 1.074384445957128
      }
    },
    "sortino_ratios": {
      "mean": 2.470617848825979,
      "std": 7.470736847486102e-16,
      "min": 2.470617848825978,
      "max": 2.470617848825981,
      "percentiles": {
        "p5": 2.4706178488259782,
        "p25": 2.4706178488259787,
        "p50": 2.4706178488259796,
        "p75": 2.47061784882598,
        "p95": 2.4706178488259805
      }
    },
    "win_rates": {
      "mean": 33.8235294117647,
      "std": 7.105427357601002e-15,
      "min": 33.82352941176471,
      "max": 33.82352941176471,
      "percentiles": {
        "p5": 33.82352941176471,
        "p25": 33.82352941176471,
        "p50": 33.82352941176471,
        "p75": 33.82352941176471,
        "p95": 33.82352941176471
      }
    }
  },
  "timestamp": "2025-09-08T17:41:01.173382"
}