{
  "num_simulations": 100,
  "num_trades": 40,
  "initial_capital": 10000,
  "statistics": {
    "max_drawdowns": {
      "mean": -10.258811963380392,
      "std": 2.5826392237763254,
      "min": -18.804071405156485,
      "max": -5.813840548000006,
      "percentiles": {
        "p5": -15.456512514719009,
        "p25": -11.559063203630963,
        "p50": -9.945890257486035,
        "p75": -8.150485560701217,
        "p95": -7.207372314969997
      }
    },
    "avg_drawdowns": {
      "mean": -4.414525835447769,
      "std": 1.2109620402824819,
      "min": -7.579925941716532,
      "max": -2.387958805415007,
      "percentiles": {
        "p5": -6.602700190508567,
        "p25": -5.109305659724347,
        "p50": -4.24882298563687,
        "p75": -3.5278731716568963,
        "p95": -2.716951656597905
      }
    },
    "max_dd_durations": {
      "mean": 16.16,
      "std": 5.123904761019666,
      "min": 6.0,
      "max": 32.0,
      "percentiles": {
        "p5": 8.95,
        "p25": 13.0,
        "p50": 16.0,
        "p75": 19.0,
        "p95": 25.049999999999997
      }
    },
    "final_returns": {
      "mean": 17.208956828584128,
      "std": 3.8339690352852677e-14,
      "min": 17.208956828584032,
      "max": 17.20895682858419,
      "percentiles": {
        "p5": 17.20895682858408,
        "p25": 17.2089568285841,
        "p50": 17.20895682858412,
        "p75": 17.208956828584164,
        "p95": 17.20895682858419
      }
    },
    "final_equities": {
      "mean": 11720.89568285841,
      "std": 4.187628085936499e-12,
      "min": 11720.895682858403,
      "max": 11720.89568285842,
      "percentiles": {
        "p5": 11720.895682858407,
        "p25": 11720.89568285841,
        "p50": 11720.895682858412,
        "p75": 11720.895682858416,
        "p95": 11720.89568285842
      }
    },
    "sharpe_ratios": {
      "mean": 2.623018978661986,
      "std": 4.3056046349721633e-16,
      "min": 2.6230189786619853,
      "max": 2.623018978661987,
      "percentiles": {
        "p5": 2.6230189786619857,
        "p25": 2.6230189786619857,
        "p50": 2.623018978661986,
        "p75": 2.6230189786619866,
        "p95": 2.623018978661987
      }
    },
    "sortino_ratios": {
      "mean": 8.05382975675866,
      "std": 2.0175535360778956e-15,
      "min": 8.053829756758658,
      "max": 8.053829756758663,
      "percentiles": {
        "p5": 8.05382975675866,
        "p25": 8.05382975675866,
        "p50": 8.053829756758661,
        "p75": 8.053829756758661,
        "p95": 8.053829756758663
      }
    },
    "win_rates": {
      "mean": 57.49999999999999,
      "std": 0.0,
      "min": 57.49999999999999,
      "max": 57.49999999999999,
      "percentiles": {
        "p5": 57.49999999999999,
        "p25": 57.49999999999999,
        "p50": 57.49999999999999,
        "p75": 57.49999999999999,
        "p95": 57.49999999999999
      }
    }
  },
  "timestamp": "2025-09-08T17:38:57.518031"
}