{
  "num_simulations": 500,
  "num_trades": 20,
  "initial_capital": 10000,
  "statistics": {
    "max_drawdowns": {
      "mean": -3.3429040248643265,
      "std": 0.7129641613927382,
      "min": -5.72441365877505,
      "max": -2.1099999999999945,
      "percentiles": {
        "p5": -4.6212407503206405,
        "p25": -3.8234204498944035,
        "p50": -3.313920546192861,
        "p75": -2.7999910485701416,
        "p95": -2.231079436728747
      }
    },
    "avg_drawdowns": {
      "mean": -1.744417728663583,
      "std": 0.5827046806305927,
      "min": -3.7207974504027916,
      "max": -0.5801890748705026,
      "percentiles": {
        "p5": -2.8232617247855445,
        "p25": -2.0940241649027636,
        "p50": -1.6590185526579422,
        "p75": -1.317044117598713,
        "p95": -0.9240813777656705
      }
    },
    "max_dd_durations": {
      "mean": 13.892,
      "std": 4.516673111926521,
      "min": 3.0,
      "max": 20.0,
      "percentiles": {
        "p5": 6.0,
        "p25": 10.0,
        "p50": 14.0,
        "p75": 18.0,
        "p95": 20.0
      }
    },
    "final_returns": {
      "mean": -1.025437207384472,
      "std": 2.2375883352003356e-14,
      "min": -1.0254372073845275,
      "max": -1.0254372073844054,
      "percentiles": {
        "p5": -1.0254372073845164,
        "p25": -1.0254372073844942,
        "p50": -1.025437207384472,
        "p75": -1.0254372073844609,
        "p95": -1.0254372073844387
      }
    },
    "final_equities": {
      "mean": 9897.456279261554,
      "std": 2.6484885490501322e-12,
      "min": 9897.456279261547,
      "max": 9897.45627926156,
      "percentiles": {
        "p5": 9897.456279261549,
        "p25": 9897.45627926155,
        "p50": 9897.456279261552,
        "p75": 9897.456279261554,
        "p95": 9897.456279261556
      }
    },
    "sharpe_ratios": {
      "mean": -1.097865784003405,
      "std": 3.6064309469101764e-16,
      "min": -1.097865784003406,
      "max": -1.0978657840034043,
      "percentiles": {
        "p5": -1.0978657840034058,
        "p25": -1.0978657840034054,
        "p50": -1.0978657840034052,
        "p75": -1.097865784003405,
        "p95": -1.0978657840034047
      }
    },
    "sortino_ratios": {
      "mean": -1.3645340184845975,
      "std": 4.480681871978277e-16,
      "min": -1.3645340184845987,
      "max": -1.3645340184845962,
      "percentiles": {
        "p5": -1.364534018484598,
        "p25": -1.3645340184845975,
        "p50": -1.3645340184845973,
        "p75": -1.364534018484597,
        "p95": -1.3645340184845969
      }
    },
    "win_rates": {
      "mean": 55.00000000000001,
      "std": 0.0,
      "min": 55.00000000000001,
      "max": 55.00000000000001,
      "percentiles": {
        "p5": 55.00000000000001,
        "p25": 55.00000000000001,
        "p50": 55.00000000000001,
        "p75": 55.00000000000001,
        "p95": 55.00000000000001
      }
    }
  },
  "timestamp": "2025-09-08T17:47:12.302800"
}